"timestamp","scene name","event"
"1702074827111","02-TrackingScene","target_found"
"1702074827137","02-TrackingScene","Right IndexTip"
"1702074827486","02-TrackingScene","Right ThumbTip"
"1702074827797","02-TrackingScene","Right Palm"
"1702074827926","02-TrackingScene","Right Palm"
"1702074827993","02-TrackingScene","Right IndexTip"
"1702074828462","02-TrackingScene","Right IndexTip"
"1702074828627","02-TrackingScene","Right ThumbTip"
"1702074828805","02-TrackingScene","Right MiddleTip"
"1702074829292","02-TrackingScene","Right IndexTip"
"1702074829775","02-TrackingScene","Right ThumbTip"
"1702074830405","02-TrackingScene","Right IndexTip"
"1702074830930","02-TrackingScene","Right IndexTip"
"1702074831156","02-TrackingScene","Right MiddleTip"
"1702074831231","02-TrackingScene","Right ThumbTip"
"1702074831361","02-TrackingScene","Right IndexTip"
"1702074831430","02-TrackingScene","Right RingTip"
"1702074831597","02-TrackingScene","Right RingTip"
"1702074831616","02-TrackingScene","Right IndexTip"
"1702074831634","02-TrackingScene","Right PinkyTip"
"1702074831715","02-TrackingScene","Right IndexTip"
"1702074831772","02-TrackingScene","Right MiddleTip"
"1702074832287","02-TrackingScene","Right MiddleTip"
"1702074832494","02-TrackingScene","Right ThumbTip"
"1702074832529","02-TrackingScene","Right RingTip"
"1702074832531","02-TrackingScene","Right PinkyTip"
"1702074832689","02-TrackingScene","Right PinkyTip"
"1702074832720","02-TrackingScene","Right PinkyTip"
"1702074833174","02-TrackingScene","Right IndexTip"
"1702074833214","02-TrackingScene","Right MiddleTip"
"1702074833265","02-TrackingScene","Right RingTip"
"1702074833347","02-TrackingScene","Right PinkyTip"
"1702074833499","02-TrackingScene","Right ThumbTip"
"1702074833843","02-TrackingScene","Right IndexTip"
"1702074834256","02-TrackingScene","Right ThumbTip"
"1702074834311","02-TrackingScene","Right ThumbTip"
"1702074834415","02-TrackingScene","Right RingTip"
"1702074834437","02-TrackingScene","Right PinkyTip"
"1702074834527","02-TrackingScene","Right MiddleTip"
"1702074834731","02-TrackingScene","Right MiddleTip"
"1702074834873","02-TrackingScene","Right IndexTip"
"1702074835201","02-TrackingScene","Right IndexTip"
"1702074835326","02-TrackingScene","Right Palm"
"1702074835349","02-TrackingScene","target_lost"
"1702074850360","02-TrackingScene","target_found"
"1702074851100","02-TrackingScene","Right IndexTip"
"1702074851155","02-TrackingScene","Right ThumbTip"
"1702074851394","02-TrackingScene","Right IndexTip"
"1702074851591","02-TrackingScene","Right IndexTip"
"1702074851903","02-TrackingScene","Right ThumbTip"
"1702074851928","02-TrackingScene","Right MiddleTip"
"1702074851969","02-TrackingScene","Right MiddleTip"
"1702074852125","02-TrackingScene","Right Palm"
"1702074852192","02-TrackingScene","Right Palm"
"1702074852246","02-TrackingScene","Right IndexTip"
"1702074852301","02-TrackingScene","Right IndexTip"
"1702074852742","02-TrackingScene","Right IndexTip"
"1702074853174","02-TrackingScene","Right IndexTip"
"1702074853622","02-TrackingScene","Right ThumbTip"
"1702074854016","02-TrackingScene","Right IndexTip"
"1702074854515","02-TrackingScene","Right IndexTip"
"1702074855082","02-TrackingScene","Right ThumbTip"
"1702074855308","02-TrackingScene","Right IndexTip"
"1702074855327","02-TrackingScene","Right ThumbTip"
"1702074855384","02-TrackingScene","Right IndexTip"
"1702074855438","02-TrackingScene","Right ThumbTip"
"1702074855465","02-TrackingScene","Right Palm"
"1702074855494","02-TrackingScene","Right IndexTip"
"1702074855784","02-TrackingScene","Right IndexTip"
"1702074856460","02-TrackingScene","Right MiddleTip"
"1702074856461","02-TrackingScene","Right IndexTip"
"1702074856798","02-TrackingScene","Right MiddleTip"
"1702074856883","02-TrackingScene","Right RingTip"
"1702074857020","02-TrackingScene","Right IndexTip"
"1702074857112","02-TrackingScene","Right ThumbTip"
"1702074857202","02-TrackingScene","Right RingTip"
"1702074857266","02-TrackingScene","Right IndexTip"
"1702074857728","02-TrackingScene","Right ThumbTip"
"1702074857831","02-TrackingScene","Right MiddleTip"
"1702074858416","02-TrackingScene","Right IndexTip"
"1702074858470","02-TrackingScene","Right RingTip"
"1702074858472","02-TrackingScene","Right PinkyTip"
"1702074858567","02-TrackingScene","Right IndexTip"
"1702074858596","02-TrackingScene","Right Palm"
"1702074858616","02-TrackingScene","Right ThumbTip"
"1702074858637","02-TrackingScene","Right MiddleTip"
"1702074858653","02-TrackingScene","Right ThumbTip"
"1702074858704","02-TrackingScene","Right ThumbTip"
"1702074858735","02-TrackingScene","Right IndexTip"
"1702074858758","02-TrackingScene","Right ThumbTip"
"1702074858791","02-TrackingScene","Right Palm"
"1702074858835","02-TrackingScene","Right PinkyTip"
"1702074858869","02-TrackingScene","Right RingTip"
"1702074858891","02-TrackingScene","Right MiddleTip"
"1702074858893","02-TrackingScene","Right IndexTip"
"1702074859255","02-TrackingScene","Right IndexTip"
"1702074859308","02-TrackingScene","Right ThumbTip"
"1702074859310","02-TrackingScene","Right MiddleTip"
"1702074859878","02-TrackingScene","Right RingTip"
"1702074859881","02-TrackingScene","Right PinkyTip"
"1702074859940","02-TrackingScene","Right Palm"
"1702074860004","02-TrackingScene","Right Palm"
"1702074860274","02-TrackingScene","Right ThumbTip"
"1702074860276","02-TrackingScene","Right RingTip"
"1702074860346","02-TrackingScene","Right MiddleTip"
"1702074860543","02-TrackingScene","Right RingTip"
"1702074860546","02-TrackingScene","Right PinkyTip"
"1702074860570","02-TrackingScene","Right IndexTip"
"1702074860592","02-TrackingScene","Right ThumbTip"
"1702074860800","02-TrackingScene","Right Palm"
"1702074860804","02-TrackingScene","Right RingTip"
"1702074860809","02-TrackingScene","Right PinkyTip"
"1702074860869","02-TrackingScene","Right MiddleTip"
"1702074860924","02-TrackingScene","Right ThumbTip"
"1702074860982","02-TrackingScene","Right IndexTip"
"1702074861342","02-TrackingScene","Right ThumbTip"
"1702074861565","02-TrackingScene","Right MiddleTip"
"1702074862212","02-TrackingScene","Right IndexTip"
"1702074862818","02-TrackingScene","Right ThumbTip"
"1702074863007","02-TrackingScene","Right ThumbTip"
"1702074863009","02-TrackingScene","Right IndexTip"
"1702074863032","02-TrackingScene","Right MiddleTip"
"1702074863495","02-TrackingScene","target_lost"
"1702074906296","02-TrackingScene","target_found"
"1702074908381","02-TrackingScene","target_lost"
"1702074967358","02-TrackingScene","target_found"
"1702074967493","02-TrackingScene","Right IndexTip"
"1702074967524","02-TrackingScene","Right ThumbTip"
"1702074967899","02-TrackingScene","Right IndexTip"
"1702074967971","02-TrackingScene","Right IndexTip"
"1702074968006","02-TrackingScene","Right IndexTip"
"1702074968175","02-TrackingScene","Right Palm"
"1702074968207","02-TrackingScene","Right IndexTip"
"1702074968241","02-TrackingScene","Right MiddleTip"
"1702074968267","02-TrackingScene","Right IndexTip"
"1702074968361","02-TrackingScene","Right MiddleTip"
"1702074968508","02-TrackingScene","Right IndexTip"
"1702074968511","02-TrackingScene","Right ThumbTip"
"1702074968659","02-TrackingScene","Right ThumbTip"
"1702074969491","02-TrackingScene","Right ThumbTip"
"1702074969606","02-TrackingScene","Right IndexTip"
"1702074970425","02-TrackingScene","Right IndexTip"
"1702074970942","02-TrackingScene","Right ThumbTip"
"1702074971387","02-TrackingScene","Right IndexTip"
"1702074971507","02-TrackingScene","Right ThumbTip"
"1702074972041","02-TrackingScene","Right IndexTip"
"1702074972330","02-TrackingScene","Right MiddleTip"
"1702074972441","02-TrackingScene","Right ThumbTip"
"1702074972443","02-TrackingScene","Right RingTip"
"1702074972445","02-TrackingScene","Right PinkyTip"
"1702074972498","02-TrackingScene","Right Palm"
"1702074972500","02-TrackingScene","Right ThumbTip"
"1702074972743","02-TrackingScene","Right RingTip"
"1702074972776","02-TrackingScene","Right ThumbTip"
"1702074972820","02-TrackingScene","Right RingTip"
"1702074972860","02-TrackingScene","Right MiddleTip"
"1702074973140","02-TrackingScene","Right IndexTip"
"1702074973231","02-TrackingScene","Right Palm"
"1702074973233","02-TrackingScene","Right ThumbTip"
"1702074973245","02-TrackingScene","Right MiddleTip"
"1702074973380","02-TrackingScene","Right PinkyTip"
"1702074973410","02-TrackingScene","Right RingTip"
"1702074973605","02-TrackingScene","Right Palm"
"1702074973627","02-TrackingScene","Right MiddleTip"
"1702074973690","02-TrackingScene","Right IndexTip"
"1702074973795","02-TrackingScene","Right PinkyTip"
"1702074973881","02-TrackingScene","Right RingTip"
"1702074973968","02-TrackingScene","Right Palm"
"1702074974091","02-TrackingScene","Right RingTip"
"1702074974125","02-TrackingScene","Right ThumbTip"
"1702074974168","02-TrackingScene","Right Palm"
"1702074974274","02-TrackingScene","Right ThumbTip"
"1702074974277","02-TrackingScene","Right MiddleTip"
"1702074974278","02-TrackingScene","Right Palm"
"1702074974279","02-TrackingScene","Right RingTip"
"1702074974280","02-TrackingScene","Right PinkyTip"
"1702074974515","02-TrackingScene","Right IndexTip"
"1702074974626","02-TrackingScene","Right MiddleTip"
"1702074974702","02-TrackingScene","Right IndexTip"
"1702074974994","02-TrackingScene","Right ThumbTip"
"1702074975072","02-TrackingScene","Right Palm"
"1702074975092","02-TrackingScene","Right MiddleTip"
"1702074975145","02-TrackingScene","Right PinkyTip"
"1702074975168","02-TrackingScene","Right Palm"
"1702074975170","02-TrackingScene","Right RingTip"
"1702074975257","02-TrackingScene","Right Palm"
"1702074975331","02-TrackingScene","Right ThumbTip"
"1702074975383","02-TrackingScene","Right IndexTip"
"1702074975384","02-TrackingScene","Right Palm"
"1702074975795","02-TrackingScene","Right IndexTip"
"1702074976083","02-TrackingScene","Right ThumbTip"
"1702074976087","02-TrackingScene","Right MiddleTip"
"1702074976090","02-TrackingScene","Right RingTip"
"1702074976091","02-TrackingScene","Right IndexTip"
"1702074976093","02-TrackingScene","Right PinkyTip"
"1702074976110","02-TrackingScene","Right Palm"
"1702074976396","02-TrackingScene","Right IndexTip"
"1702074976650","02-TrackingScene","Right ThumbTip"
"1702074977030","02-TrackingScene","Right IndexTip"
"1702074977285","02-TrackingScene","Right ThumbTip"
"1702074977419","02-TrackingScene","Right IndexTip"
"1702074977858","02-TrackingScene","target_lost"
"1702074988616","02-TrackingScene","target_found"
"1702074988883","02-TrackingScene","Right IndexTip"
"1702074988900","02-TrackingScene","Right MiddleTip"
"1702074989283","02-TrackingScene","Right MiddleTip"
"1702074989975","02-TrackingScene","target_lost"
"1702075003196","02-TrackingScene","target_found"
"1702075003215","02-TrackingScene","Right ThumbTip"
"1702075003216","02-TrackingScene","Right MiddleTip"
"1702075003218","02-TrackingScene","Right RingTip"
"1702075003257","02-TrackingScene","Right PinkyTip"
"1702075003327","02-TrackingScene","Right MiddleTip"
"1702075003345","02-TrackingScene","Right PinkyTip"
"1702075003382","02-TrackingScene","Right MiddleTip"
"1702075003558","02-TrackingScene","Right IndexTip"
"1702075004062","02-TrackingScene","Right MiddleTip"
"1702075004377","02-TrackingScene","Right MiddleTip"
"1702075004625","02-TrackingScene","Right ThumbTip"
"1702075004626","02-TrackingScene","Right RingTip"
"1702075004642","02-TrackingScene","Right PinkyTip"
"1702075005231","02-TrackingScene","Right IndexTip"
"1702075005253","02-TrackingScene","Right MiddleTip"
"1702075005309","02-TrackingScene","Right MiddleTip"
"1702075005722","02-TrackingScene","Right IndexTip"
"1702075005740","02-TrackingScene","Right MiddleTip"
"1702075005892","02-TrackingScene","Right ThumbTip"
"1702075006408","02-TrackingScene","Right ThumbTip"
"1702075006413","02-TrackingScene","Right RingTip"
"1702075006415","02-TrackingScene","Right PinkyTip"
"1702075006491","02-TrackingScene","Right Palm"
"1702075006509","02-TrackingScene","Right MiddleTip"
"1702075006548","02-TrackingScene","Right MiddleTip"
"1702075006633","02-TrackingScene","Right MiddleTip"
"1702075006713","02-TrackingScene","Right MiddleTip"
"1702075006716","02-TrackingScene","Right IndexTip"
"1702075006734","02-TrackingScene","Right RingTip"
"1702075006736","02-TrackingScene","Right PinkyTip"
"1702075006760","02-TrackingScene","Right ThumbTip"
"1702075007079","02-TrackingScene","Right IndexTip"
"1702075007319","02-TrackingScene","Right IndexTip"
"1702075007838","02-TrackingScene","Right MiddleTip"
"1702075007906","02-TrackingScene","Right MiddleTip"
"1702075008052","02-TrackingScene","Right ThumbTip"
"1702075008230","02-TrackingScene","Right IndexTip"
"1702075008743","02-TrackingScene","Right IndexTip"
"1702075008829","02-TrackingScene","Right MiddleTip"
"1702075009506","02-TrackingScene","Right ThumbTip"
"1702075009543","02-TrackingScene","Right RingTip"
"1702075009841","02-TrackingScene","Right ThumbTip"
"1702075010034","02-TrackingScene","Right IndexTip"
"1702075010052","02-TrackingScene","Right RingTip"
"1702075010071","02-TrackingScene","Right PinkyTip"
"1702075010107","02-TrackingScene","Right IndexTip"
"1702075010193","02-TrackingScene","Right MiddleTip"
"1702075010237","02-TrackingScene","Right ThumbTip"
"1702075010239","02-TrackingScene","Right RingTip"
"1702075010638","02-TrackingScene","Right IndexTip"
"1702075010704","02-TrackingScene","Right MiddleTip"
"1702075010792","02-TrackingScene","Right ThumbTip"
"1702075011014","02-TrackingScene","Right RingTip"
"1702075011017","02-TrackingScene","Right PinkyTip"
"1702075011051","02-TrackingScene","Right Palm"
"1702075011221","02-TrackingScene","Right ThumbTip"
"1702075011307","02-TrackingScene","Right MiddleTip"
"1702075011347","02-TrackingScene","Right Palm"
"1702075011435","02-TrackingScene","Right IndexTip"
"1702075011762","02-TrackingScene","Right IndexTip"
"1702075012020","02-TrackingScene","Right MiddleTip"
"1702075012345","02-TrackingScene","Right MiddleTip"
"1702075012462","02-TrackingScene","Right RingTip"
"1702075012482","02-TrackingScene","Right ThumbTip"
"1702075012574","02-TrackingScene","Right IndexTip"
"1702075012893","02-TrackingScene","Right RingTip"
"1702075013040","02-TrackingScene","Right IndexTip"
"1702075013279","02-TrackingScene","Right MiddleTip"
"1702075013324","02-TrackingScene","Right IndexTip"
"1702075013363","02-TrackingScene","Right ThumbTip"
"1702075013365","02-TrackingScene","Right RingTip"
"1702075013623","02-TrackingScene","Right MiddleTip"
"1702075013662","02-TrackingScene","Right IndexTip"
"1702075014091","02-TrackingScene","Right IndexTip"
"1702075014359","02-TrackingScene","Right MiddleTip"
"1702075014396","02-TrackingScene","Right ThumbTip"
"1702075014481","02-TrackingScene","Right RingTip"
"1702075014992","02-TrackingScene","Right IndexTip"
"1702075015309","02-TrackingScene","Right IndexTip"
"1702075015754","02-TrackingScene","Right MiddleTip"
"1702075015969","02-TrackingScene","Right ThumbTip"
"1702075016619","02-TrackingScene","Right ThumbTip"
"1702075016654","02-TrackingScene","Right RingTip"
"1702075016674","02-TrackingScene","Right PinkyTip"
"1702075016761","02-TrackingScene","Right IndexTip"
"1702075016826","02-TrackingScene","Right MiddleTip"
"1702075016828","02-TrackingScene","Right IndexTip"
"1702075016899","02-TrackingScene","Right IndexTip"
"1702075017440","02-TrackingScene","Right IndexTip"
"1702075017545","02-TrackingScene","Right MiddleTip"
"1702075017683","02-TrackingScene","Right ThumbTip"
"1702075018251","02-TrackingScene","Right IndexTip"
"1702075018543","02-TrackingScene","Right ThumbTip"
"1702075018546","02-TrackingScene","Right MiddleTip"
"1702075018579","02-TrackingScene","Right Palm"
"1702075018611","02-TrackingScene","Right RingTip"
"1702075018614","02-TrackingScene","Right PinkyTip"
"1702075018657","02-TrackingScene","Right Palm"
"1702075018700","02-TrackingScene","Right RingTip"
"1702075018702","02-TrackingScene","Right PinkyTip"
"1702075018716","02-TrackingScene","Right IndexTip"
"1702075019321","02-TrackingScene","Right IndexTip"
"1702075019487","02-TrackingScene","Right IndexTip"
"1702075019490","02-TrackingScene","Right MiddleTip"
"1702075020016","02-TrackingScene","Right IndexTip"
"1702075020018","02-TrackingScene","Right MiddleTip"
"1702075020099","02-TrackingScene","Right MiddleTip"
"1702075020344","02-TrackingScene","Right IndexTip"
"1702075020703","02-TrackingScene","Right MiddleTip"
"1702075020724","02-TrackingScene","Right ThumbTip"
"1702075020772","02-TrackingScene","Right RingTip"
"1702075020808","02-TrackingScene","Right RingTip"
"1702075021150","02-TrackingScene","Right MiddleTip"
"1702075021505","02-TrackingScene","Right IndexTip"
"1702075022358","02-TrackingScene","Right MiddleTip"
"1702075022424","02-TrackingScene","Right ThumbTip"
"1702075022532","02-TrackingScene","Right IndexTip"
"1702075022535","02-TrackingScene","Right RingTip"
"1702075022626","02-TrackingScene","Right IndexTip"
"1702075022837","02-TrackingScene","Right RingTip"
"1702075023140","02-TrackingScene","Right IndexTip"
"1702075023191","02-TrackingScene","Right IndexTip"
"1702075023302","02-TrackingScene","Right MiddleTip"
"1702075023488","02-TrackingScene","target_lost"
"1702075024477","02-TrackingScene","target_found"
"1702075024492","02-TrackingScene","Right IndexTip"
"1702075024849","02-TrackingScene","Right IndexTip"
"1702075024974","02-TrackingScene","Right MiddleTip"
"1702075025261","02-TrackingScene","Right MiddleTip"
"1702075025610","02-TrackingScene","Right IndexTip"
"1702075026775","02-TrackingScene","target_lost"
"1702075044951","02-TrackingScene","target_found"
"1702075048511","02-TrackingScene","target_lost"
"1702075054792","02-TrackingScene","target_found"
"1702075054822","02-TrackingScene","Right ThumbTip"
"1702075054827","02-TrackingScene","Right MiddleTip"
"1702075054953","02-TrackingScene","Right IndexTip"
"1702075055310","02-TrackingScene","Right IndexTip"
"1702075055495","02-TrackingScene","Right ThumbTip"
"1702075055815","02-TrackingScene","Right MiddleTip"
"1702075055922","02-TrackingScene","Right RingTip"
"1702075055923","02-TrackingScene","Right PinkyTip"
"1702075056012","02-TrackingScene","Right Palm"
"1702075056048","02-TrackingScene","Right MiddleTip"
"1702075056120","02-TrackingScene","Right Palm"
"1702075056292","02-TrackingScene","Right ThumbTip"
"1702075056694","02-TrackingScene","Right PinkyTip"
"1702075057021","02-TrackingScene","Right IndexTip"
"1702075057461","02-TrackingScene","Right IndexTip"
"1702075057590","02-TrackingScene","Right IndexTip"
"1702075057881","02-TrackingScene","Right MiddleTip"
"1702075057925","02-TrackingScene","Right ThumbTip"
"1702075057944","02-TrackingScene","Right Palm"
"1702075057945","02-TrackingScene","Right PinkyTip"
"1702075057970","02-TrackingScene","Right RingTip"
"1702075058026","02-TrackingScene","Right Palm"
"1702075058829","02-TrackingScene","Right IndexTip"
"1702075058856","02-TrackingScene","Right MiddleTip"
"1702075059197","02-TrackingScene","Right MiddleTip"
"1702075059452","02-TrackingScene","Right MiddleTip"
"1702075059493","02-TrackingScene","Right ThumbTip"
"1702075059633","02-TrackingScene","Right ThumbTip"
"1702075059796","02-TrackingScene","Right ThumbTip"
"1702075059798","02-TrackingScene","Right MiddleTip"
"1702075060266","02-TrackingScene","Right IndexTip"
"1702075061889","02-TrackingScene","target_lost"
"1702075081715","02-TrackingScene","target_found"
"1702075081777","02-TrackingScene","Right ThumbTip"
"1702075081780","02-TrackingScene","Right IndexTip"
"1702075082225","02-TrackingScene","Right ThumbTip"
"1702075082439","02-TrackingScene","Right ThumbTip"
"1702075082441","02-TrackingScene","Right IndexTip"
"1702075082676","02-TrackingScene","Right IndexTip"
"1702075083248","02-TrackingScene","Right ThumbTip"
"1702075084240","02-TrackingScene","target_lost"
"1702075124441","02-TrackingScene","target_found"
"1702075124466","02-TrackingScene","Right IndexTip"
"1702075124618","02-TrackingScene","Right ThumbTip"
"1702075124824","02-TrackingScene","Right ThumbTip"
"1702075124925","02-TrackingScene","Right ThumbTip"
"1702075124964","02-TrackingScene","Right ThumbTip"
"1702075125063","02-TrackingScene","Right ThumbTip"
"1702075125834","02-TrackingScene","Right ThumbTip"
"1702075127079","02-TrackingScene","Right IndexTip"
"1702075128462","02-TrackingScene","Right IndexTip"
"1702075128820","02-TrackingScene","Right IndexTip"
"1702075129348","02-TrackingScene","Right IndexTip"
"1702075129350","02-TrackingScene","Right MiddleTip"
"1702075129521","02-TrackingScene","Right IndexTip"
"1702075129523","02-TrackingScene","Right MiddleTip"
"1702075129791","02-TrackingScene","Right MiddleTip"
"1702075129793","02-TrackingScene","Right IndexTip"
"1702075130194","02-TrackingScene","Right IndexTip"
"1702075130265","02-TrackingScene","Right ThumbTip"
"1702075130330","02-TrackingScene","Right MiddleTip"
"1702075130374","02-TrackingScene","Right MiddleTip"
"1702075130548","02-TrackingScene","Right ThumbTip"
"1702075130550","02-TrackingScene","Right RingTip"
"1702075130558","02-TrackingScene","Right MiddleTip"
"1702075130563","02-TrackingScene","Right IndexTip"
"1702075130624","02-TrackingScene","Right RingTip"
"1702075130733","02-TrackingScene","Right ThumbTip"
"1702075130735","02-TrackingScene","Right MiddleTip"
"1702075130737","02-TrackingScene","Right IndexTip"
"1702075130767","02-TrackingScene","Right RingTip"
"1702075130943","02-TrackingScene","Right ThumbTip"
"1702075130945","02-TrackingScene","Right MiddleTip"
"1702075130950","02-TrackingScene","Right IndexTip"
"1702075131279","02-TrackingScene","Right IndexTip"
"1702075131326","02-TrackingScene","Right ThumbTip"
"1702075131902","02-TrackingScene","Right ThumbTip"
"1702075131980","02-TrackingScene","Right ThumbTip"
"1702075131985","02-TrackingScene","Right Palm"
"1702075132026","02-TrackingScene","Right Palm"
"1702075132173","02-TrackingScene","Right ThumbTip"
"1702075132175","02-TrackingScene","Right Palm"
"1702075132398","02-TrackingScene","Right ThumbTip"
"1702075132434","02-TrackingScene","Right Palm"
"1702075132454","02-TrackingScene","Right IndexTip"
"1702075132489","02-TrackingScene","Right Palm"
"1702075132701","02-TrackingScene","Right IndexTip"
"1702075133124","02-TrackingScene","Right IndexTip"
"1702075134286","02-TrackingScene","Right IndexTip"
"1702075134608","02-TrackingScene","Right IndexTip"
"1702075134709","02-TrackingScene","Right MiddleTip"
"1702075134743","02-TrackingScene","Right MiddleTip"
"1702075136273","02-TrackingScene","target_lost"
"1702075158449","02-TrackingScene","target_found"
"1702075158467","02-TrackingScene","Right IndexTip"
"1702075159150","02-TrackingScene","Right ThumbTip"
"1702075159256","02-TrackingScene","target_lost"
"1702075175318","02-TrackingScene","target_found"
"1702075175525","02-TrackingScene","Right IndexTip"
"1702075177011","02-TrackingScene","Right IndexTip"
"1702075177347","02-TrackingScene","Right IndexTip"
"1702075177406","02-TrackingScene","Right IndexTip"
"1702075177840","02-TrackingScene","Right IndexTip"
"1702075178039","02-TrackingScene","Right ThumbTip"
"1702075178130","02-TrackingScene","Right MiddleTip"
"1702075178631","02-TrackingScene","Right IndexTip"
"1702075179546","02-TrackingScene","Right IndexTip"
"1702075179852","02-TrackingScene","Right ThumbTip"
"1702075181030","02-TrackingScene","Right IndexTip"
"1702075181546","02-TrackingScene","Right ThumbTip"
"1702075182459","02-TrackingScene","Right IndexTip"
"1702075182509","02-TrackingScene","Right ThumbTip"
"1702075182819","02-TrackingScene","Right Palm"
"1702075182822","02-TrackingScene","Right MiddleTip"
"1702075182838","02-TrackingScene","Right PinkyTip"
"1702075182839","02-TrackingScene","Right RingTip"
"1702075182997","02-TrackingScene","Right MiddleTip"
"1702075183079","02-TrackingScene","Right Palm"
"1702075183118","02-TrackingScene","Right ThumbTip"
"1702075183143","02-TrackingScene","Right Palm"
"1702075183225","02-TrackingScene","Right IndexTip"
"1702075183398","02-TrackingScene","Right IndexTip"
"1702075184338","02-TrackingScene","Right IndexTip"
"1702075185008","02-TrackingScene","Right IndexTip"
"1702075185011","02-TrackingScene","Right MiddleTip"
"1702075185157","02-TrackingScene","Right IndexTip"
"1702075185159","02-TrackingScene","Right MiddleTip"
"1702075187315","02-TrackingScene","Right IndexTip"
"1702075188287","02-TrackingScene","Right IndexTip"
"1702075190109","02-TrackingScene","Right IndexTip"
"1702075190449","02-TrackingScene","Right IndexTip"
"1702075192948","02-TrackingScene","Right IndexTip"
"1702075193491","02-TrackingScene","Right MiddleTip"
"1702075194221","02-TrackingScene","Right IndexTip"
"1702075194801","02-TrackingScene","Right MiddleTip"
"1702075195180","02-TrackingScene","Right ThumbTip"
"1702075195181","02-TrackingScene","Right MiddleTip"
"1702075195286","02-TrackingScene","Right IndexTip"
"1702075195843","02-TrackingScene","Right IndexTip"
"1702075195845","02-TrackingScene","Right MiddleTip"
"1702075195897","02-TrackingScene","Right ThumbTip"
"1702075196198","02-TrackingScene","Right IndexTip"
"1702075196386","02-TrackingScene","Right IndexTip"
"1702075196744","02-TrackingScene","Right IndexTip"
"1702075197228","02-TrackingScene","Right IndexTip"
"1702075198579","02-TrackingScene","Right IndexTip"
"1702075198694","02-TrackingScene","Right ThumbTip"
"1702075199019","02-TrackingScene","Right MiddleTip"
"1702075199124","02-TrackingScene","Right IndexTip"
"1702075199424","02-TrackingScene","Right ThumbTip"
"1702075199736","02-TrackingScene","Right ThumbTip"
"1702075200105","02-TrackingScene","Right ThumbTip"
"1702075200139","02-TrackingScene","target_lost"
